Feature,Gain,Contribution_Pct
feat_question_difficulty,8845737.654624939,59.63635425665939
feat_current_part_accuracy,1496947.9457321167,10.09215076017809
feat_answer_changes,1231168.963897705,8.300317208980234
feat_overall_accuracy,1162838.5134544373,7.839645741177742
feat_reading_accuracy,595246.8049468994,4.013045685500048
feat_recent_accuracy,501689.86125564575,3.3823017888364624
feat_is_rapid_guess,406095.0126876831,2.737818708182354
feat_total_attempts,203352.85428619385,1.3709679543767217
feat_listening_accuracy,173604.338722229,1.1704088736024032
feat_explanation_ratio,105437.7600402832,0.7108421994070073
feat_session_fatigue,52770.612033843994,0.3557698675300006
feat_adaptive_ratio,36039.09154891968,0.24296899982963394
feat_lecture_watches,21864.7186088562,0.14740795573992277
